ligand,receptor,source
LOC104644532,LOC101252705,orthologs
LOC101244600,LOC101252705,orthologs
LOC101244241,LOC101252705,orthologs
GP1,LOC104647168,orthologs
AROGP3,LOC104647168,orthologs
AROGP2,LOC104647168,orthologs
LOC543895,TomloxE,orthologs
LOC101246396,TomloxE,orthologs
LOC101246396,TomloxE,orthologs
alpha-DOX2,TomloxE,orthologs
LOC101266255,TFT1,orthologs
LOC101266255,TFT1,orthologs
LOC101266129,TFT1,orthologs
LOC101266129,TFT1,orthologs
LOC101246391,TFT1,orthologs
LOC101246391,TFT1,orthologs
LOC112940027,Sl3-MMP,orthologs
LOC112940027,Sl3-MMP,orthologs
LOC101266255,Sl3-MMP,orthologs
LOC101266255,Sl3-MMP,orthologs
LOC101266129,Sl3-MMP,orthologs
LOC101266129,Sl3-MMP,orthologs
LOC101265968,Sl3-MMP,orthologs
LOC101265968,Sl3-MMP,orthologs
LOC101265918,Sl3-MMP,orthologs
LOC101265918,Sl3-MMP,orthologs
LOC101265918,Sl3-MMP,orthologs
LOC101265918,Sl3-MMP,orthologs
LOC101259643,Sl3-MMP,orthologs
LOC101259643,Sl3-MMP,orthologs
LOC101258669,Sl3-MMP,orthologs
LOC101258669,Sl3-MMP,orthologs
LOC101258638,Sl3-MMP,orthologs
LOC101258638,Sl3-MMP,orthologs
LOC101257181,Sl3-MMP,orthologs
LOC101257181,Sl3-MMP,orthologs
LOC101254423,Sl3-MMP,orthologs
LOC101254423,Sl3-MMP,orthologs
LOC101254423,Sl3-MMP,orthologs
LOC101254423,Sl3-MMP,orthologs
LOC101253862,Sl3-MMP,orthologs
LOC101253862,Sl3-MMP,orthologs
LOC101249724,Sl3-MMP,orthologs
LOC101249724,Sl3-MMP,orthologs
LOC101246391,Sl3-MMP,orthologs
LOC101246391,Sl3-MMP,orthologs
GGH1,Sl3-MMP,orthologs
GGH1,Sl3-MMP,orthologs
LOC101265285,Sip1,orthologs
Sl3-MMP,SERK1,orthologs
Sl3-MMP,SERK1,orthologs
LOC543632,SDH,orthologs
LOC112940027,RBOH1,orthologs
LOC101266294,RBOH1,orthologs
LOC101266294,RBOH1,orthologs
LOC101265918,RBOH1,orthologs
LOC101265918,RBOH1,orthologs
LOC101256971,RBOH1,orthologs
LOC101249252,RBOH1,orthologs
LOC101244004,RBOH1,orthologs
Sl3-MMP,PRK3,orthologs
Sl3-MMP,PRK3,orthologs
Sl3-MMP,PRK2,orthologs
Sl3-MMP,PRK2,orthologs
Sl3-MMP,PRK1,orthologs
Sl3-MMP,PRK1,orthologs
LOC101245017,PORK1,orthologs
LOC101264105,PLDa1,orthologs
LOC101259566,PLDa1,orthologs
LOC101252788,PLDa1,orthologs
LOC101248078,PLDa1,orthologs
LOC101244700,PLDa1,orthologs
LOC101268446,PIP1-5,orthologs
LOC101268139,PIP1-5,orthologs
LOC101263181,PIP1-5,orthologs
LOC101254426,PIP1-5,orthologs
LOC101252859,PIP1-5,orthologs
LOC101250773,PIP1-5,orthologs
LOC101249884,PIP1-5,orthologs
LOC101247352,PIP1-5,orthologs
LOC104645788,PIN2,orthologs
LOC101266255,MDR1,orthologs
LOC101266129,MDR1,orthologs
LOC101246391,MDR1,orthologs
LOC543895,loxD,orthologs
LOC101246396,loxD,orthologs
LOC101246396,loxD,orthologs
alpha-DOX2,loxD,orthologs
LOC543895,LOXB,orthologs
LOC543895,LOXB,orthologs
LOC101246396,LOXB,orthologs
LOC101246396,LOXB,orthologs
LOC101246396,LOXB,orthologs
LOC101246396,LOXB,orthologs
alpha-DOX2,LOXB,orthologs
alpha-DOX2,LOXB,orthologs
LOC543895,LOX1.1,orthologs
LOC101246396,LOX1.1,orthologs
LOC101246396,LOX1.1,orthologs
alpha-DOX2,LOX1.1,orthologs
LOC101267502,LOC543924,orthologs
LOC101265881,LOC543924,orthologs
LOC101265819,LOC543924,orthologs
LOC101264183,LOC543924,orthologs
LOC101262133,LOC543924,orthologs
LOC101262050,LOC543924,orthologs
LOC101260714,LOC543924,orthologs
LOC101256677,LOC543924,orthologs
LOC101256677,LOC543924,orthologs
LOC101256039,LOC543924,orthologs
LOC101252775,LOC543924,orthologs
LOC101250243,LOC543924,orthologs
LOC101250057,LOC543924,orthologs
LOC101248858,LOC543924,orthologs
LOC101248858,LOC543924,orthologs
LOC101248858,LOC543924,orthologs
LOC101248858,LOC543924,orthologs
LOC101248854,LOC543924,orthologs
LOC101247318,LOC543924,orthologs
Hsp90-1,LOC543924,orthologs
HSC80,LOC543924,orthologs
GPA1,LOC543924,orthologs
GPA1,LOC543924,orthologs
LOC101251304,LOC543802,orthologs
LOC101244074,LOC543802,orthologs
LOC101247181,LOC543598,orthologs
LOC101247181,LOC543597,orthologs
LOC101247181,LOC543597,orthologs
LOC101253289,LOC112941374,orthologs
LOC101253289,LOC112941374,orthologs
EXP2,LOC112941374,orthologs
EXP2,LOC112941374,orthologs
LOC101253289,LOC112940306,orthologs
LOC101253289,LOC112940306,orthologs
EXP2,LOC112940306,orthologs
EXP2,LOC112940306,orthologs
PSK4,LOC112940097,orthologs
PSK4,LOC112940097,orthologs
PSK3,LOC112940097,orthologs
PSK2,LOC112940097,orthologs
PSK2,LOC112940097,orthologs
LOC101250742,LOC112940097,orthologs
LOC101250742,LOC112940097,orthologs
EXLA1,LOC112940097,orthologs
Sl3-MMP,LOC109120363,orthologs
Sl3-MMP,LOC109120363,orthologs
LOC543895,LOC107648852,orthologs
LOC101246396,LOC107648852,orthologs
LOC101246396,LOC107648852,orthologs
alpha-DOX2,LOC107648852,orthologs
Sl3-MMP,LOC104649482,orthologs
Sl3-MMP,LOC104649482,orthologs
Sl3-MMP,LOC104649482,orthologs
Sl3-MMP,LOC104649482,orthologs
Sl3-MMP,LOC104649482,orthologs
Sl3-MMP,LOC104649482,orthologs
mpka1;1,LOC104649482,orthologs
mpka1;1,LOC104649482,orthologs
mpka1;1,LOC104649482,orthologs
mpka1;1,LOC104649482,orthologs
mpka1;1,LOC104649482,orthologs
mpka1;1,LOC104649482,orthologs
MPK9,LOC104649482,orthologs
MPK9,LOC104649482,orthologs
MPK9,LOC104649482,orthologs
MPK3,LOC104649482,orthologs
MPK3,LOC104649482,orthologs
MPK3,LOC104649482,orthologs
MAPK5,LOC104649482,orthologs
MAPK5,LOC104649482,orthologs
MAPK5,LOC104649482,orthologs
MAPK4,LOC104649482,orthologs
MAPK4,LOC104649482,orthologs
MAPK4,LOC104649482,orthologs
LOC104649482,LOC104649482,orthologs
LOC104649482,LOC104649482,orthologs
LOC104649482,LOC104649482,orthologs
LOC104649482,LOC104649482,orthologs
LOC104649482,LOC104649482,orthologs
LOC104649482,LOC104649482,orthologs
LOC101266778,LOC104649482,orthologs
LOC101266778,LOC104649482,orthologs
LOC101266127,LOC104649482,orthologs
LOC101266127,LOC104649482,orthologs
LOC101266127,LOC104649482,orthologs
LOC101264890,LOC104649482,orthologs
LOC101264890,LOC104649482,orthologs
LOC101264890,LOC104649482,orthologs
LOC101264183,LOC104649482,orthologs
LOC101264183,LOC104649482,orthologs
LOC101264183,LOC104649482,orthologs
LOC101262050,LOC104649482,orthologs
LOC101262050,LOC104649482,orthologs
LOC101262050,LOC104649482,orthologs
LOC101262003,LOC104649482,orthologs
LOC101262003,LOC104649482,orthologs
LOC101262003,LOC104649482,orthologs
LOC101259591,LOC104649482,orthologs
LOC101259591,LOC104649482,orthologs
LOC101259591,LOC104649482,orthologs
LOC101258128,LOC104649482,orthologs
LOC101258128,LOC104649482,orthologs
LOC101258128,LOC104649482,orthologs
LOC101256039,LOC104649482,orthologs
LOC101256039,LOC104649482,orthologs
LOC101256039,LOC104649482,orthologs
LOC101251815,LOC104649482,orthologs
LOC101251815,LOC104649482,orthologs
LOC101251815,LOC104649482,orthologs
LOC101248858,LOC104649482,orthologs
LOC101248858,LOC104649482,orthologs
LOC101248858,LOC104649482,orthologs
LOC101248858,LOC104649482,orthologs
LOC101248858,LOC104649482,orthologs
LOC101248858,LOC104649482,orthologs
LOC101248858,LOC104649482,orthologs
LOC101248858,LOC104649482,orthologs
LOC101248858,LOC104649482,orthologs
LOC101248858,LOC104649482,orthologs
LOC101248858,LOC104649482,orthologs
LOC101248858,LOC104649482,orthologs
LOC101243937,LOC104649482,orthologs
LOC101243937,LOC104649482,orthologs
LOC101243937,LOC104649482,orthologs
Hsp90-1,LOC104649482,orthologs
Hsp90-1,LOC104649482,orthologs
Hsp90-1,LOC104649482,orthologs
HSC80,LOC104649482,orthologs
HSC80,LOC104649482,orthologs
HSC80,LOC104649482,orthologs
LOC101263581,LOC104647475,orthologs
LOC101251598,LOC104647475,orthologs
LOC101248013,LOC104646598,orthologs
PSK4,LOC104646517,orthologs
PSK4,LOC104646517,orthologs
PSK3,LOC104646517,orthologs
PSK3,LOC104646517,orthologs
PSK2,LOC104646517,orthologs
PSK2,LOC104646517,orthologs
LOC101250742,LOC104646517,orthologs
LOC101250742,LOC104646517,orthologs
Sl3-MMP,LOC104645871,orthologs
Sl3-MMP,LOC104645871,orthologs
Sl3-MMP,LOC104645871,orthologs
Sl3-MMP,LOC104645871,orthologs
LOC101253289,LOC104645438,orthologs
EXP2,LOC104645438,orthologs
LOC101252788,LOC104644270,orthologs
Sl3-MMP,LOC101268878,orthologs
Sl3-MMP,LOC101268878,orthologs
Sl3-MMP,LOC101268851,orthologs
Sl3-MMP,LOC101268851,orthologs
TMP,LOC101268425,orthologs
LOC101266255,LOC101268350,orthologs
LOC101266129,LOC101268350,orthologs
LOC101246391,LOC101268350,orthologs
LOC101263181,LOC101268327,orthologs
LOC101250773,LOC101268327,orthologs
LOC101249884,LOC101268327,orthologs
TSW12,LOC101268192,orthologs
ltpg1,LOC101268192,orthologs
LOC101266879,LOC101268192,orthologs
LOC101266573,LOC101268192,orthologs
LOC101266080,LOC101268192,orthologs
LOC101266080,LOC101268192,orthologs
LOC101265188,LOC101268192,orthologs
LE16,LOC101268192,orthologs
Sl3-MMP,LOC101268082,orthologs
Sl3-MMP,LOC101268082,orthologs
LOC101257528,LOC101267955,orthologs
LOC101257528,LOC101267955,orthologs
LOC101257528,LOC101267955,orthologs
LOC101257528,LOC101267955,orthologs
LOC101244365,LOC101267920,orthologs
LOC101265606,LOC101267850,orthologs
LOC101264289,LOC101267850,orthologs
LOC101264289,LOC101267850,orthologs
LOC101253729,LOC101267850,orthologs
LOC101253431,LOC101267850,orthologs
LOC101253136,LOC101267850,orthologs
LOC101249763,LOC101267850,orthologs
Wiv-1,LOC101267699,orthologs
Wiv-1,LOC101267699,orthologs
LOC543698,LOC101267699,orthologs
LOC101268695,LOC101267699,orthologs
LOC101259900,LOC101267699,orthologs
LOC101258714,LOC101267699,orthologs
LOC101246223,LOC101267699,orthologs
LIN7,LOC101267699,orthologs
LIN7,LOC101267699,orthologs
LOC101267616,LOC101267693,orthologs
LOC101263181,LOC101267693,orthologs
LOC101250773,LOC101267693,orthologs
LOC101249884,LOC101267693,orthologs
LOC101267900,LOC101267672,orthologs
LOC101266830,LOC101267672,orthologs
LOC101266584,LOC101267672,orthologs
LOC101259149,LOC101267672,orthologs
LOC101258820,LOC101267672,orthologs
LOC101257887,LOC101267672,orthologs
LOC101255596,LOC101267672,orthologs
LOC101253311,LOC101267672,orthologs
LOC101251829,LOC101267672,orthologs
LOC101250647,LOC101267672,orthologs
LOC101244631,LOC101267672,orthologs
LOC101253289,LOC101267669,orthologs
EXP2,LOC101267669,orthologs
LOC101259566,LOC101267502,orthologs
LOC101268446,LOC101267384,orthologs
LOC101262977,LOC101267281,orthologs
LOC101262977,LOC101267281,orthologs
LOC101262618,LOC101267281,orthologs
LOC101262618,LOC101267281,orthologs
LOC101262618,LOC101267281,orthologs
LOC101262425,LOC101267281,orthologs
LOC101261512,LOC101267281,orthologs
LOC101258916,LOC101267281,orthologs
LOC101257887,LOC101267281,orthologs
LOC101254671,LOC101267281,orthologs
LOC101253411,LOC101267281,orthologs
LOC101253311,LOC101267281,orthologs
LOC101251829,LOC101267281,orthologs
LOC101251481,LOC101267281,orthologs
LOC101251392,LOC101267281,orthologs
LOC101250647,LOC101267281,orthologs
LOC101250120,LOC101267281,orthologs
LOC101247922,LOC101267281,orthologs
LOC101247502,LOC101267281,orthologs
LOC101247352,LOC101267281,orthologs
LOC101245661,LOC101267281,orthologs
LOC100147721,LOC101267281,orthologs
LOC101261405,LOC101267186,orthologs
Sl3-MMP,LOC101267167,orthologs
Sl3-MMP,LOC101267167,orthologs
LOC101268139,LOC101267153,orthologs
LOC101266933,LOC101267153,orthologs
LOC543987,LOC101266944,orthologs
LOC101265270,LOC101266927,orthologs
LOC100750252,LOC101266927,orthologs
PR1a2,LOC101266887,orthologs
LOC104645788,LOC101266793,orthologs
LOC101250409,LOC101266793,orthologs
LOC101264237,LOC101266718,orthologs
LOC101257060,LOC101266718,orthologs
PR1a2,LOC101266705,orthologs
LOC101268446,LOC101266650,orthologs
LOC104649377,LOC101266437,orthologs
LOC104649377,LOC101266437,orthologs
LOC101248013,LOC101266437,orthologs
Sl3-MMP,LOC101266357,orthologs
Sl3-MMP,LOC101266357,orthologs
LOC104645568,LOC101266357,orthologs
LOC101253754,LOC101266319,orthologs
LOC112940027,LOC101266255,orthologs
LOC101266129,LOC101266255,orthologs
LOC101265968,LOC101266255,orthologs
LOC101265918,LOC101266255,orthologs
LOC101265918,LOC101266255,orthologs
LOC101259643,LOC101266255,orthologs
LOC101258317,LOC101266255,orthologs
LOC101257830,LOC101266255,orthologs
LOC101257269,LOC101266255,orthologs
LOC101249542,LOC101266255,orthologs
LOC101246391,LOC101266255,orthologs
LOC101245092,LOC101266255,orthologs
GGH1,LOC101266255,orthologs
AGAL,LOC101266255,orthologs
LOC112940027,LOC101266129,orthologs
LOC101266255,LOC101266129,orthologs
LOC101265968,LOC101266129,orthologs
LOC101265918,LOC101266129,orthologs
LOC101265918,LOC101266129,orthologs
LOC101259643,LOC101266129,orthologs
LOC101258317,LOC101266129,orthologs
LOC101257830,LOC101266129,orthologs
LOC101257269,LOC101266129,orthologs
LOC101249542,LOC101266129,orthologs
LOC101246391,LOC101266129,orthologs
LOC101245092,LOC101266129,orthologs
GGH1,LOC101266129,orthologs
AGAL,LOC101266129,orthologs
Sl3-MMP,LOC101266127,orthologs
Sl3-MMP,LOC101266127,orthologs
mpka1;1,LOC101266127,orthologs
MPK9,LOC101266127,orthologs
MPK3,LOC101266127,orthologs
MAPK5,LOC101266127,orthologs
MAPK4,LOC101266127,orthologs
LOC543895,LOC101266127,orthologs
LOC104649482,LOC101266127,orthologs
LOC104649482,LOC101266127,orthologs
LOC104649482,LOC101266127,orthologs
LOC101262050,LOC101266127,orthologs
LOC101262003,LOC101266127,orthologs
LOC101259591,LOC101266127,orthologs
LOC101250742,LOC101266127,orthologs
LOC101248858,LOC101266127,orthologs
LOC101248858,LOC101266127,orthologs
LOC101248858,LOC101266127,orthologs
LOC101248858,LOC101266127,orthologs
LOC101246396,LOC101266127,orthologs
LOC101246396,LOC101266127,orthologs
alpha-DOX2,LOC101266127,orthologs
LOC101247960,LOC101266082,orthologs
LOC101246033,LOC101266082,orthologs
LOC101258355,LOC101266075,orthologs
LOC101257899,LOC101266075,orthologs
LOC101257797,LOC101266075,orthologs
LOC101253344,LOC101266075,orthologs
LOC101261631,LOC101265972,orthologs
LOC101255239,LOC101265972,orthologs
Sl3-MMP,LOC101265955,orthologs
Sl3-MMP,LOC101265955,orthologs
Sl3-MMP,LOC101265955,orthologs
Sl3-MMP,LOC101265955,orthologs
LOC104647586,LOC101265885,orthologs
LOC101266126,LOC101265885,orthologs
LOC101252581,LOC101265885,orthologs
LOC101252581,LOC101265885,orthologs
LOC101252581,LOC101265885,orthologs
LOC101250687,LOC101265885,orthologs
LOC101261241,LOC101265852,orthologs
LOC101255057,LOC101265779,orthologs
LOC101264237,LOC101265539,orthologs
LOC101264237,LOC101265539,orthologs
LOC101264237,LOC101265539,orthologs
LOC101257060,LOC101265539,orthologs
LOC101257060,LOC101265539,orthologs
LOC101257060,LOC101265539,orthologs
LOC101247352,LOC101265405,orthologs
LOC101251019,LOC101265383,orthologs
LOC101250243,LOC101265364,orthologs
LOC101247318,LOC101265364,orthologs
Sl3-MMP,LOC101265354,orthologs
Sl3-MMP,LOC101265354,orthologs
LTC,LOC101265342,orthologs
LTC,LOC101265288,orthologs
LOC101255893,LOC101265189,orthologs
Sl3-MMP,LOC101265060,orthologs
Sl3-MMP,LOC101265060,orthologs
Sl3-MMP,LOC101264890,orthologs
Sl3-MMP,LOC101264890,orthologs
mpka1;1,LOC101264890,orthologs
mpka1;1,LOC101264890,orthologs
MPK9,LOC101264890,orthologs
MPK3,LOC101264890,orthologs
MAPK5,LOC101264890,orthologs
MAPK4,LOC101264890,orthologs
LOC104649482,LOC101264890,orthologs
LOC104649482,LOC101264890,orthologs
LOC104649482,LOC101264890,orthologs
LOC101266127,LOC101264890,orthologs
LOC101264183,LOC101264890,orthologs
LOC101262050,LOC101264890,orthologs
LOC101262003,LOC101264890,orthologs
LOC101259591,LOC101264890,orthologs
LOC101258128,LOC101264890,orthologs
LOC101256039,LOC101264890,orthologs
LOC101251815,LOC101264890,orthologs
LOC101250742,LOC101264890,orthologs
LOC101248858,LOC101264890,orthologs
LOC101248858,LOC101264890,orthologs
LOC101248858,LOC101264890,orthologs
LOC101248858,LOC101264890,orthologs
LOC101243937,LOC101264890,orthologs
Hsp90-1,LOC101264890,orthologs
HSC80,LOC101264890,orthologs
LOC101268446,LOC101264708,orthologs
LOC101268139,LOC101264708,orthologs
LOC101263181,LOC101264708,orthologs
LOC101254426,LOC101264708,orthologs
LOC101252859,LOC101264708,orthologs
LOC101250773,LOC101264708,orthologs
LOC101249884,LOC101264708,orthologs
LOC101247352,LOC101264708,orthologs
LOC101255648,LOC101264693,orthologs
LOC101251815,LOC101264649,orthologs
LOC101260989,LOC101264608,orthologs
LOC101268139,LOC101264577,orthologs
LOC101266933,LOC101264577,orthologs
LOC101257528,LOC101264565,orthologs
LOC101257528,LOC101264565,orthologs
LOC101257528,LOC101264565,orthologs
LOC101257528,LOC101264565,orthologs
LOC101257528,LOC101264565,orthologs
LOC101257528,LOC101264565,orthologs
TSW12,LOC101264489,orthologs
ltpg1,LOC101264489,orthologs
LOC101266879,LOC101264489,orthologs
LOC101266573,LOC101264489,orthologs
LOC101266080,LOC101264489,orthologs
LOC101266080,LOC101264489,orthologs
LOC101265188,LOC101264489,orthologs
LE16,LOC101264489,orthologs
LOC101264237,LOC101264391,orthologs
LOC101264237,LOC101264391,orthologs
LOC101264237,LOC101264391,orthologs
LOC101258669,LOC101264391,orthologs
LOC101258669,LOC101264391,orthologs
LOC101258669,LOC101264391,orthologs
LOC101264571,LOC101264237,orthologs
LOC101264289,LOC101264237,orthologs
LOC101260592,LOC101264237,orthologs
LOC101257528,LOC101264237,orthologs
XTH16,LOC101263837,orthologs
LOC543637,LOC101263837,orthologs
LOC101265794,LOC101263837,orthologs
LOC101256574,LOC101263837,orthologs
LOC101260989,LOC101263759,orthologs
LOC101255057,LOC101263759,orthologs
LOC101261631,LOC101263615,orthologs
LOC101255239,LOC101263615,orthologs
LOC543895,LOC101263535,orthologs
LOC101246396,LOC101263535,orthologs
LOC101246396,LOC101263535,orthologs
alpha-DOX2,LOC101263535,orthologs
LOC101248013,LOC101263386,orthologs
Sl3-MMP,LOC101263367,orthologs
Sl3-MMP,LOC101263367,orthologs
LOC101268282,LOC101263242,orthologs
LOC101268282,LOC101263242,orthologs
LOC101267502,LOC101263242,orthologs
LOC101267502,LOC101263242,orthologs
LOC101265881,LOC101263242,orthologs
LOC101265881,LOC101263242,orthologs
LOC101265819,LOC101263242,orthologs
LOC101265819,LOC101263242,orthologs
LOC101264183,LOC101263242,orthologs
LOC101264183,LOC101263242,orthologs
LOC101262133,LOC101263242,orthologs
LOC101262133,LOC101263242,orthologs
LOC101262050,LOC101263242,orthologs
LOC101262050,LOC101263242,orthologs
LOC101260714,LOC101263242,orthologs
LOC101260714,LOC101263242,orthologs
LOC101256677,LOC101263242,orthologs
LOC101256677,LOC101263242,orthologs
LOC101256677,LOC101263242,orthologs
LOC101256677,LOC101263242,orthologs
LOC101256039,LOC101263242,orthologs
LOC101256039,LOC101263242,orthologs
LOC101252775,LOC101263242,orthologs
LOC101252775,LOC101263242,orthologs
LOC101252428,LOC101263242,orthologs
LOC101252428,LOC101263242,orthologs
LOC101250243,LOC101263242,orthologs
LOC101250243,LOC101263242,orthologs
LOC101250057,LOC101263242,orthologs
LOC101250057,LOC101263242,orthologs
LOC101248858,LOC101263242,orthologs
LOC101248858,LOC101263242,orthologs
LOC101248858,LOC101263242,orthologs
LOC101248858,LOC101263242,orthologs
LOC101248858,LOC101263242,orthologs
LOC101248858,LOC101263242,orthologs
LOC101248858,LOC101263242,orthologs
LOC101248858,LOC101263242,orthologs
LOC101248854,LOC101263242,orthologs
LOC101248854,LOC101263242,orthologs
LOC101247318,LOC101263242,orthologs
LOC101247318,LOC101263242,orthologs
LOC101245699,LOC101263242,orthologs
LOC101245699,LOC101263242,orthologs
Hsp90-1,LOC101263242,orthologs
Hsp90-1,LOC101263242,orthologs
HSC80,LOC101263242,orthologs
HSC80,LOC101263242,orthologs
GPA1,LOC101263242,orthologs
GPA1,LOC101263242,orthologs
GPA1,LOC101263242,orthologs
GPA1,LOC101263242,orthologs
LOC101260664,LOC101263187,orthologs
LOC101249056,LOC101263187,orthologs
LOC101247352,LOC101263187,orthologs
LOC101251815,LOC101263163,orthologs
LOC101264237,LOC101263126,orthologs
sph1,LOC101263086,orthologs
sph1,LOC101263086,orthologs
LOC104647673,LOC101263086,orthologs
LOC104647673,LOC101263086,orthologs
LOC104647673,LOC101263086,orthologs
LOC101254076,LOC101263086,orthologs
LOC101253724,LOC101263086,orthologs
LOC101253724,LOC101263086,orthologs
LOC101253724,LOC101263086,orthologs
LOC101253724,LOC101263086,orthologs
LOC101253724,LOC101263086,orthologs
Cel8,LOC101263086,orthologs
LOC543895,LOC101263024,orthologs
LOC101246396,LOC101263024,orthologs
LOC101246396,LOC101263024,orthologs
alpha-DOX2,LOC101263024,orthologs
LOC101260664,LOC101262834,orthologs
LOC101249056,LOC101262834,orthologs
LOC101247352,LOC101262834,orthologs
LOC112940027,LOC101262795,orthologs
LOC109121376,LOC101262795,orthologs
LOC101266570,LOC101262795,orthologs
LOC101265918,LOC101262795,orthologs
LOC101265918,LOC101262795,orthologs
LOC101256971,LOC101262795,orthologs
LOC101253788,LOC101262795,orthologs
LOC101268282,LOC101262780,orthologs
LOC101267502,LOC101262780,orthologs
LOC101265881,LOC101262780,orthologs
LOC101265819,LOC101262780,orthologs
LOC101264183,LOC101262780,orthologs
LOC101262133,LOC101262780,orthologs
LOC101262050,LOC101262780,orthologs
LOC101260714,LOC101262780,orthologs
LOC101256677,LOC101262780,orthologs
LOC101256677,LOC101262780,orthologs
LOC101256039,LOC101262780,orthologs
LOC101252775,LOC101262780,orthologs
LOC101252428,LOC101262780,orthologs
LOC101250243,LOC101262780,orthologs
LOC101250057,LOC101262780,orthologs
LOC101248858,LOC101262780,orthologs
LOC101248858,LOC101262780,orthologs
LOC101248858,LOC101262780,orthologs
LOC101248858,LOC101262780,orthologs
LOC101248854,LOC101262780,orthologs
LOC101247318,LOC101262780,orthologs
LOC101245699,LOC101262780,orthologs
Hsp90-1,LOC101262780,orthologs
HSC80,LOC101262780,orthologs
GPA1,LOC101262780,orthologs
GPA1,LOC101262780,orthologs
LOC101268282,LOC101262650,orthologs
LOC101268282,LOC101262650,orthologs
LOC101267502,LOC101262650,orthologs
LOC101267502,LOC101262650,orthologs
LOC101265881,LOC101262650,orthologs
LOC101265881,LOC101262650,orthologs
LOC101265819,LOC101262650,orthologs
LOC101265819,LOC101262650,orthologs
LOC101264183,LOC101262650,orthologs
LOC101264183,LOC101262650,orthologs
LOC101262133,LOC101262650,orthologs
LOC101262133,LOC101262650,orthologs
LOC101262050,LOC101262650,orthologs
LOC101262050,LOC101262650,orthologs
LOC101260714,LOC101262650,orthologs
LOC101260714,LOC101262650,orthologs
LOC101256677,LOC101262650,orthologs
LOC101256677,LOC101262650,orthologs
LOC101256677,LOC101262650,orthologs
LOC101256677,LOC101262650,orthologs
LOC101256039,LOC101262650,orthologs
LOC101256039,LOC101262650,orthologs
LOC101252775,LOC101262650,orthologs
LOC101252775,LOC101262650,orthologs
LOC101252428,LOC101262650,orthologs
LOC101252428,LOC101262650,orthologs
LOC101250243,LOC101262650,orthologs
LOC101250243,LOC101262650,orthologs
LOC101250057,LOC101262650,orthologs
LOC101250057,LOC101262650,orthologs
LOC101248858,LOC101262650,orthologs
LOC101248858,LOC101262650,orthologs
LOC101248858,LOC101262650,orthologs
LOC101248858,LOC101262650,orthologs
LOC101248858,LOC101262650,orthologs
LOC101248858,LOC101262650,orthologs
LOC101248858,LOC101262650,orthologs
LOC101248858,LOC101262650,orthologs
LOC101248854,LOC101262650,orthologs
LOC101248854,LOC101262650,orthologs
LOC101247318,LOC101262650,orthologs
LOC101247318,LOC101262650,orthologs
LOC101245699,LOC101262650,orthologs
LOC101245699,LOC101262650,orthologs
Hsp90-1,LOC101262650,orthologs
Hsp90-1,LOC101262650,orthologs
HSC80,LOC101262650,orthologs
HSC80,LOC101262650,orthologs
GPA1,LOC101262650,orthologs
GPA1,LOC101262650,orthologs
GPA1,LOC101262650,orthologs
GPA1,LOC101262650,orthologs
LOC101251019,LOC101262392,orthologs
LOC104649356,LOC101262338,orthologs
LOC104649356,LOC101262338,orthologs
LOC101268139,LOC101262338,orthologs
LOC101268139,LOC101262338,orthologs
LOC101266043,LOC101262338,orthologs
LOC101266043,LOC101262338,orthologs
LOC101264571,LOC101262338,orthologs
LOC101264571,LOC101262338,orthologs
LOC101258356,LOC101262338,orthologs
LOC101258356,LOC101262338,orthologs
LOC101258057,LOC101262338,orthologs
LOC101258057,LOC101262338,orthologs
LOC101246033,LOC101262338,orthologs
LOC101246033,LOC101262338,orthologs
Sl3-MMP,LOC101262286,orthologs
Sl3-MMP,LOC101262286,orthologs
LOC543895,LOC101262081,orthologs
LOC543895,LOC101262081,orthologs
LOC101246396,LOC101262081,orthologs
LOC101246396,LOC101262081,orthologs
LOC101246396,LOC101262081,orthologs
LOC101246396,LOC101262081,orthologs
alpha-DOX2,LOC101262081,orthologs
alpha-DOX2,LOC101262081,orthologs
Sl3-MMP,LOC101262073,orthologs
Sl3-MMP,LOC101262073,orthologs
LOC101265614,LOC101262034,orthologs
Sl3-MMP,LOC101262003,orthologs
Sl3-MMP,LOC101262003,orthologs
mpka1;1,LOC101262003,orthologs
mpka1;1,LOC101262003,orthologs
MPK9,LOC101262003,orthologs
MPK3,LOC101262003,orthologs
MAPK5,LOC101262003,orthologs
MAPK4,LOC101262003,orthologs
LOC104649482,LOC101262003,orthologs
LOC104649482,LOC101262003,orthologs
LOC104649482,LOC101262003,orthologs
LOC101266127,LOC101262003,orthologs
LOC101264890,LOC101262003,orthologs
LOC101264183,LOC101262003,orthologs
LOC101262050,LOC101262003,orthologs
LOC101259591,LOC101262003,orthologs
LOC101258128,LOC101262003,orthologs
LOC101256039,LOC101262003,orthologs
LOC101248858,LOC101262003,orthologs
LOC101248858,LOC101262003,orthologs
LOC101248858,LOC101262003,orthologs
LOC101248858,LOC101262003,orthologs
LOC101243937,LOC101262003,orthologs
Hsp90-1,LOC101262003,orthologs
HSC80,LOC101262003,orthologs
#N/A,LOC101261916,orthologs
LOC101243964,LOC101261916,orthologs
exp9,LOC101261916,orthologs
exp18,LOC101261916,orthologs
EXP1,LOC101261916,orthologs
Sl3-MMP,LOC101261889,orthologs
Sl3-MMP,LOC101261889,orthologs
Sl3-MMP,LOC101261889,orthologs
Sl3-MMP,LOC101261889,orthologs
LOC101255057,LOC101261857,orthologs
LOC109119813,LOC101261742,orthologs
LOC101266136,LOC101261742,orthologs
LOC101266136,LOC101261742,orthologs
LOC101266136,LOC101261742,orthologs
LOC101262618,LOC101261742,orthologs
LOC101262618,LOC101261742,orthologs
LOC101262618,LOC101261742,orthologs
LOC101262425,LOC101261742,orthologs
LOC101251481,LOC101261742,orthologs
LOC101248973,LOC101261742,orthologs
LOC101244627,LOC101261742,orthologs
TGAS118,LOC101261735,orthologs
LOC101263224,LOC101261735,orthologs
LOC101262930,LOC101261735,orthologs
LOC101244631,LOC101261735,orthologs
DEFL1,LOC101261735,orthologs
LOC101264105,LOC101261693,orthologs
LOC101243640,LOC101261693,orthologs
LOC101259149,LOC101261539,orthologs
LOC101254426,LOC101261539,orthologs
LOC101252859,LOC101261539,orthologs
Sl3-MMP,LOC101261495,orthologs
Sl3-MMP,LOC101261495,orthologs
LOC109119813,LOC101261449,orthologs
LOC101266136,LOC101261449,orthologs
LOC101266136,LOC101261449,orthologs
LOC101266136,LOC101261449,orthologs
LOC101262618,LOC101261449,orthologs
LOC101262618,LOC101261449,orthologs
LOC101262618,LOC101261449,orthologs
LOC101262425,LOC101261449,orthologs
LOC101251481,LOC101261449,orthologs
LOC101248973,LOC101261449,orthologs
LOC101244627,LOC101261449,orthologs
LOC101264571,LOC101261424,orthologs
LOC101245041,LOC101261424,orthologs
LOC101257887,LOC101261419,orthologs
LOC101253311,LOC101261419,orthologs
LOC101251829,LOC101261419,orthologs
LOC101250647,LOC101261419,orthologs
LOC101244600,LOC101261419,orthologs
Sl3-MMP,LOC101261377,orthologs
Sl3-MMP,LOC101261377,orthologs
LOC101260989,LOC101261234,orthologs
LOC109119813,LOC101261154,orthologs
LOC101266136,LOC101261154,orthologs
LOC101266136,LOC101261154,orthologs
LOC101266136,LOC101261154,orthologs
LOC101253344,LOC101261065,orthologs
LOC101265614,LOC101260913,orthologs
LOC101260989,LOC101260863,orthologs
LOC101259149,LOC101260785,orthologs
LOC101251392,LOC101260771,orthologs
LOC101251019,LOC101260771,orthologs
Sl3-MMP,LOC101260543,orthologs
Sl3-MMP,LOC101260543,orthologs
LOC101257887,LOC101260407,orthologs
LOC101254426,LOC101260407,orthologs
LOC101253311,LOC101260407,orthologs
LOC101252859,LOC101260407,orthologs
LOC101251829,LOC101260407,orthologs
LOC101250647,LOC101260407,orthologs
LOC101244631,LOC101260407,orthologs
LOC101268131,LOC101260387,orthologs
LOC101260463,LOC101260387,orthologs
LOC101260989,LOC101260345,orthologs
LOC101260989,LOC101260345,orthologs
LOC101260989,LOC101260345,orthologs
SlArf/Xyl2,LOC101260323,orthologs
LOC101262289,LOC101260248,orthologs
LOC101268518,LOC101260248,orthologs
LOC101260989,LOC101260248,orthologs
LOC101259149,LOC101260248,orthologs
LOC101256456,LOC101260248,orthologs
LOC101254426,LOC101260248,orthologs
LOC101252859,LOC101260248,orthologs
LOC101245700,LOC101260248,orthologs
LOC101244600,LOC101260248,orthologs
LOC101244241,LOC101260248,orthologs
LOC101260989,LOC101260177,orthologs
LOC101260989,LOC101260177,orthologs
LOC101244455,LOC101260090,orthologs
XTH16,LOC101260024,orthologs
SlArf/Xyl2,LOC101260024,orthologs
LOC101251532,LOC101260024,orthologs
#N/A,LOC101259877,orthologs
LOC109121376,LOC101259877,orthologs
LOC101266570,LOC101259877,orthologs
LOC101263181,LOC101259877,orthologs
LOC101258317,LOC101259877,orthologs
LOC101257904,LOC101259877,orthologs
LOC101255057,LOC101259877,orthologs
LOC101253788,LOC101259877,orthologs
LOC101250773,LOC101259877,orthologs
LOC101249884,LOC101259877,orthologs
LOC101246033,LOC101259877,orthologs
LOC101243964,LOC101259877,orthologs
LOC101267161,LOC101259816,orthologs
LOC101249724,LOC101259660,orthologs
Sl3-MMP,LOC101259591,orthologs
Sl3-MMP,LOC101259591,orthologs
mpka1;1,LOC101259591,orthologs
mpka1;1,LOC101259591,orthologs
MPK9,LOC101259591,orthologs
MPK3,LOC101259591,orthologs
MAPK5,LOC101259591,orthologs
MAPK4,LOC101259591,orthologs
LOC104649482,LOC101259591,orthologs
LOC104649482,LOC101259591,orthologs
LOC104649482,LOC101259591,orthologs
LOC101266778,LOC101259591,orthologs
LOC101266127,LOC101259591,orthologs
LOC101264890,LOC101259591,orthologs
LOC101264183,LOC101259591,orthologs
LOC101262050,LOC101259591,orthologs
LOC101262003,LOC101259591,orthologs
LOC101258128,LOC101259591,orthologs
LOC101256039,LOC101259591,orthologs
LOC101248858,LOC101259591,orthologs
LOC101248858,LOC101259591,orthologs
LOC101248858,LOC101259591,orthologs
LOC101248858,LOC101259591,orthologs
LOC101243937,LOC101259591,orthologs
Hsp90-1,LOC101259591,orthologs
HSC80,LOC101259591,orthologs
LOC101246033,LOC101259553,orthologs
Sl3-MMP,LOC101259548,orthologs
Sl3-MMP,LOC101259548,orthologs
LOC101245041,LOC101259548,orthologs
LOC101257906,LOC101259455,orthologs
Sl3-MMP,LOC101259394,orthologs
Sl3-MMP,LOC101259394,orthologs
LOC101253684,LOC101259381,orthologs
LOC101253684,LOC101259381,orthologs
LOC101244241,LOC101259367,orthologs
LOC112940027,LOC101259344,orthologs
LOC109121376,LOC101259344,orthologs
LOC101266570,LOC101259344,orthologs
LOC101265918,LOC101259344,orthologs
LOC101265918,LOC101259344,orthologs
LOC101256971,LOC101259344,orthologs
LOC101253788,LOC101259344,orthologs
LOC101255407,LOC101259044,orthologs
LOC101266919,LOC101258944,orthologs
LOC101257273,LOC101258944,orthologs
LOC101256390,LOC101258944,orthologs
LOC101255802,LOC101258944,orthologs
LOC101255802,LOC101258944,orthologs
LOC101254968,LOC101258944,orthologs
Sl3-MMP,LOC101258857,orthologs
Sl3-MMP,LOC101258857,orthologs
LOC101257588,LOC101258842,orthologs
LOC101257528,LOC101258842,orthologs
LOC101257528,LOC101258842,orthologs
LOC101257528,LOC101258842,orthologs
LOC101253061,LOC101258842,orthologs
LOC101247130,LOC101258842,orthologs
LOC101261631,LOC101258826,orthologs
LOC101255239,LOC101258826,orthologs
Sl3-MMP,LOC101258671,orthologs
Sl3-MMP,LOC101258671,orthologs
LOC101268446,LOC101258434,orthologs
LOC101252788,LOC101258434,orthologs
LOC101248013,LOC101258434,orthologs
LOC101247352,LOC101258434,orthologs
LOC101245041,LOC101258336,orthologs
LOC101245017,LOC101258336,orthologs
TMP,LOC101258262,orthologs
LOC101246971,LOC101258262,orthologs
LOC101257830,LOC101258186,orthologs
LOC101250409,LOC101258186,orthologs
PSK3,LOC101258171,orthologs
PSK2,LOC101258171,orthologs
LOC101259566,LOC101258171,orthologs
Sl3-MMP,LOC101258128,orthologs
Sl3-MMP,LOC101258128,orthologs
mpka1;1,LOC101258128,orthologs
mpka1;1,LOC101258128,orthologs
MPK9,LOC101258128,orthologs
MPK3,LOC101258128,orthologs
MAPK5,LOC101258128,orthologs
MAPK4,LOC101258128,orthologs
LOC104649482,LOC101258128,orthologs
LOC104649482,LOC101258128,orthologs
LOC104649482,LOC101258128,orthologs
LOC101266127,LOC101258128,orthologs
LOC101264890,LOC101258128,orthologs
LOC101264183,LOC101258128,orthologs
LOC101262050,LOC101258128,orthologs
LOC101262003,LOC101258128,orthologs
LOC101259591,LOC101258128,orthologs
LOC101256039,LOC101258128,orthologs
LOC101251815,LOC101258128,orthologs
LOC101250742,LOC101258128,orthologs
LOC101248858,LOC101258128,orthologs
LOC101248858,LOC101258128,orthologs
LOC101248858,LOC101258128,orthologs
LOC101248858,LOC101258128,orthologs
LOC101243937,LOC101258128,orthologs
Hsp90-1,LOC101258128,orthologs
HSC80,LOC101258128,orthologs
Wiv-1,LOC101257963,orthologs
Wiv-1,LOC101257963,orthologs
LOC543698,LOC101257963,orthologs
LOC101268695,LOC101257963,orthologs
LOC101259900,LOC101257963,orthologs
LOC101258714,LOC101257963,orthologs
LOC101246223,LOC101257963,orthologs
LIN7,LOC101257963,orthologs
LIN7,LOC101257963,orthologs
LOC101261631,LOC101257924,orthologs
LOC101255239,LOC101257924,orthologs
LOC101268282,LOC101257891,orthologs
LOC101267502,LOC101257891,orthologs
LOC101266502,LOC101257891,orthologs
LOC101266502,LOC101257891,orthologs
LOC101266209,LOC101257891,orthologs
LOC101266209,LOC101257891,orthologs
LOC101266209,LOC101257891,orthologs
LOC101265881,LOC101257891,orthologs
LOC101265819,LOC101257891,orthologs
LOC101264237,LOC101257891,orthologs
LOC101264183,LOC101257891,orthologs
LOC101262133,LOC101257891,orthologs
LOC101262050,LOC101257891,orthologs
LOC101260714,LOC101257891,orthologs
LOC101256677,LOC101257891,orthologs
LOC101256677,LOC101257891,orthologs
LOC101256039,LOC101257891,orthologs
LOC101252775,LOC101257891,orthologs
LOC101252428,LOC101257891,orthologs
LOC101250243,LOC101257891,orthologs
LOC101250057,LOC101257891,orthologs
LOC101248858,LOC101257891,orthologs
LOC101248858,LOC101257891,orthologs
LOC101248858,LOC101257891,orthologs
LOC101248858,LOC101257891,orthologs
LOC101248854,LOC101257891,orthologs
LOC101248479,LOC101257891,orthologs
LOC101247318,LOC101257891,orthologs
LOC101245699,LOC101257891,orthologs
LOC101244631,LOC101257891,orthologs
Hsp90-1,LOC101257891,orthologs
HSC80,LOC101257891,orthologs
GPA1,LOC101257891,orthologs
GPA1,LOC101257891,orthologs
LOC101261415,LOC101257865,orthologs
LOC101260871,LOC101257865,orthologs
LOC101248238,LOC101257865,orthologs
PR1a2,LOC101257782,orthologs
LOC101266255,LOC101257782,orthologs
LOC101266129,LOC101257782,orthologs
LOC101246391,LOC101257782,orthologs
Sl3-MMP,LOC101257492,orthologs
Sl3-MMP,LOC101257492,orthologs
LOC101247352,LOC101257455,orthologs
LOC101247352,LOC101257454,orthologs
LOC101252581,LOC101257315,orthologs
LOC112940472,LOC101257315,orthologs
LOC104647190,LOC101257315,orthologs
LOC104647190,LOC101257315,orthologs
LOC104647190,LOC101257315,orthologs
LOC101250742,LOC101257290,orthologs
LOC101247841,LOC101257290,orthologs
TPX2,LOC101257062,orthologs
TBG6,LOC101257062,orthologs
TBG3,LOC101257062,orthologs
TBG1,LOC101257062,orthologs
LOC101267604,LOC101257062,orthologs
LOC101258163,LOC101257062,orthologs
LOC101253648,LOC101257062,orthologs
LOC101250523,LOC101257062,orthologs
LOC101250523,LOC101257062,orthologs
LOC101250523,LOC101257062,orthologs
LOC101250523,LOC101257062,orthologs
LOC101249146,LOC101257062,orthologs
LOC101246070,LOC101257062,orthologs
LOC101244958,LOC101257062,orthologs
LOC101244376,LOC101257062,orthologs
LOC101244376,LOC101257062,orthologs
TBG5,LOC101257010,orthologs
LOC101244241,LOC101257010,orthologs
LOC543895,LOC101257007,orthologs
LOC543895,LOC101257007,orthologs
LOC101246396,LOC101257007,orthologs
LOC101246396,LOC101257007,orthologs
LOC101246396,LOC101257007,orthologs
LOC101246396,LOC101257007,orthologs
alpha-DOX2,LOC101257007,orthologs
alpha-DOX2,LOC101257007,orthologs
LOC101247352,LOC101256952,orthologs
LOC101248013,LOC101256593,orthologs
LOC101251019,LOC101256534,orthologs
LOC101252788,LOC101256368,orthologs
TBG5,LOC101256297,orthologs
LOC101259566,LOC101256058,orthologs
LOC101259566,LOC101256058,orthologs
LOC101252788,LOC101256058,orthologs
LOC101252788,LOC101256058,orthologs
LOC101248078,LOC101256058,orthologs
LOC101248078,LOC101256058,orthologs
LOC101244700,LOC101256058,orthologs
LOC101244700,LOC101256058,orthologs
LOC101266294,LOC101256014,orthologs
LOC101266294,LOC101256014,orthologs
LOC101263793,LOC101256014,orthologs
LOC101263793,LOC101256014,orthologs
LOC101263793,LOC101256014,orthologs
LOC101260989,LOC101256014,orthologs
LOC101249996,LOC101256014,orthologs
LOC101247550,LOC101256014,orthologs
LOC101247550,LOC101256014,orthologs
LOC101244600,LOC101256014,orthologs
LOC101244241,LOC101256014,orthologs
LOC101257906,LOC101255769,orthologs
Sl3-MMP,LOC101255729,orthologs
Sl3-MMP,LOC101255729,orthologs
Sl3-MMP,LOC101255608,orthologs
Sl3-MMP,LOC101255608,orthologs
LOC101266404,LOC101255546,orthologs
LOC101266404,LOC101255546,orthologs
LOC101255894,LOC101255546,orthologs
TBG5,LOC101255483,orthologs
Sl3-MMP,LOC101255469,orthologs
Sl3-MMP,LOC101255469,orthologs
Sl3-MMP,LOC101255469,orthologs
Sl3-MMP,LOC101255469,orthologs
Sl3-MMP,LOC101255081,orthologs
Sl3-MMP,LOC101255081,orthologs
LOC101244627,LOC101255064,orthologs
LOC101259187,LOC101255038,orthologs
LOC101257528,LOC101254894,orthologs
LOC101257528,LOC101254894,orthologs
LOC101257528,LOC101254894,orthologs
LOC101257528,LOC101254894,orthologs
LOC101251392,LOC101254836,orthologs
LOC101251019,LOC101254836,orthologs
LOC101265794,LOC101254824,orthologs
Sl3-MMP,LOC101254706,orthologs
Sl3-MMP,LOC101254706,orthologs
LOC104645933,LOC101254706,orthologs
LOC101245329,LOC101254619,orthologs
LOC101266919,LOC101254490,orthologs
LOC101257273,LOC101254490,orthologs
LOC101256390,LOC101254490,orthologs
LOC101255802,LOC101254490,orthologs
LOC101255802,LOC101254490,orthologs
LOC101254968,LOC101254490,orthologs
XTH3,LOC101254487,orthologs
XTH3,LOC101254487,orthologs
XTH3,LOC101254487,orthologs
LOC104644303,LOC101254487,orthologs
LOC101266098,LOC101254487,orthologs
LOC101265968,LOC101254487,orthologs
LOC101263181,LOC101254487,orthologs
LOC101260427,LOC101254487,orthologs
LOC101260427,LOC101254487,orthologs
LOC101258345,LOC101254487,orthologs
LOC101250773,LOC101254487,orthologs
LOC101249884,LOC101254487,orthologs
LOC101245092,LOC101254487,orthologs
GGH1,LOC101254487,orthologs
LOC101245995,LOC101254305,orthologs
LOC101244455,LOC101254305,orthologs
LOC101257273,LOC101254204,orthologs
LOC101256390,LOC101254204,orthologs
LOC101255802,LOC101254204,orthologs
LOC101255802,LOC101254204,orthologs
LOC101254968,LOC101254204,orthologs
LOC101257887,LOC101254060,orthologs
LOC101253311,LOC101254060,orthologs
LOC101251829,LOC101254060,orthologs
LOC101250647,LOC101254060,orthologs
LOC101244600,LOC101254060,orthologs
LOC101246033,LOC101254053,orthologs
Sl3-MMP,LOC101253993,orthologs
Sl3-MMP,LOC101253993,orthologs
LOC112940027,LOC101253853,orthologs
LOC109121376,LOC101253853,orthologs
LOC101266570,LOC101253853,orthologs
LOC101266255,LOC101253853,orthologs
LOC101266129,LOC101253853,orthologs
LOC101265968,LOC101253853,orthologs
LOC101265918,LOC101253853,orthologs
LOC101265918,LOC101253853,orthologs
LOC101259643,LOC101253853,orthologs
LOC101257269,LOC101253853,orthologs
LOC101253788,LOC101253853,orthologs
LOC101249542,LOC101253853,orthologs
LOC101249146,LOC101253853,orthologs
LOC101246391,LOC101253853,orthologs
GGH1,LOC101253853,orthologs
AGAL,LOC101253853,orthologs
LOC112940027,LOC101253757,orthologs
LOC109121376,LOC101253757,orthologs
LOC101266570,LOC101253757,orthologs
LOC101265918,LOC101253757,orthologs
LOC101265918,LOC101253757,orthologs
LOC101256971,LOC101253757,orthologs
LOC101253788,LOC101253757,orthologs
LOC101268446,LOC101253509,orthologs
LOC101268139,LOC101253509,orthologs
LOC101263181,LOC101253509,orthologs
LOC101254426,LOC101253509,orthologs
LOC101252859,LOC101253509,orthologs
LOC101250773,LOC101253509,orthologs
LOC101249884,LOC101253509,orthologs
LOC101247352,LOC101253509,orthologs
CysEP,LOC101253498,orthologs
Sl3-MMP,LOC101253476,orthologs
Sl3-MMP,LOC101253476,orthologs
LOC101257887,LOC101253146,orthologs
LOC101254426,LOC101253146,orthologs
LOC101253311,LOC101253146,orthologs
LOC101252859,LOC101253146,orthologs
LOC101251829,LOC101253146,orthologs
LOC101250647,LOC101253146,orthologs
LOC101244631,LOC101253146,orthologs
LOC101254426,LOC101253105,orthologs
LOC101252859,LOC101253105,orthologs
LOC101257528,LOC101252771,orthologs
LOC101257528,LOC101252771,orthologs
LOC101257528,LOC101252771,orthologs
LOC101257528,LOC101252771,orthologs
LOC101257528,LOC101252771,orthologs
LOC101257528,LOC101252771,orthologs
LOC101257528,LOC101252771,orthologs
LOC101257528,LOC101252771,orthologs
LOC101257528,LOC101252771,orthologs
LOC101257528,LOC101252771,orthologs
LOC101257528,LOC101252771,orthologs
LOC101257528,LOC101252771,orthologs
LOC101257528,LOC101252771,orthologs
LOC101257528,LOC101252771,orthologs
LOC101257528,LOC101252771,orthologs
LOC101257528,LOC101252771,orthologs
LOC101257528,LOC101252771,orthologs
LOC101257528,LOC101252771,orthologs
LOC101257528,LOC101252771,orthologs
LOC101257528,LOC101252771,orthologs
LOC101257528,LOC101252771,orthologs
LOC101257528,LOC101252771,orthologs
LOC104644532,LOC101252377,orthologs
LOC101253344,LOC101252377,orthologs
LOC101244600,LOC101252377,orthologs
LOC101266973,LOC101252330,orthologs
LOC101244246,LOC101252122,orthologs
LOC101246033,LOC101252023,orthologs
TBG3,LOC101251853,orthologs
TBG1,LOC101251853,orthologs
LOC101258163,LOC101251853,orthologs
LOC112940027,LOC101251805,orthologs
LOC101266255,LOC101251805,orthologs
LOC101266129,LOC101251805,orthologs
LOC101265968,LOC101251805,orthologs
LOC101265918,LOC101251805,orthologs
LOC101265918,LOC101251805,orthologs
LOC101259643,LOC101251805,orthologs
LOC101258669,LOC101251805,orthologs
LOC101258638,LOC101251805,orthologs
LOC101257181,LOC101251805,orthologs
LOC101254423,LOC101251805,orthologs
LOC101254423,LOC101251805,orthologs
LOC101253862,LOC101251805,orthologs
LOC101249724,LOC101251805,orthologs
LOC101246391,LOC101251805,orthologs
GGH1,LOC101251805,orthologs
LOC101252788,LOC101251786,orthologs
Sl3-MMP,LOC101251660,orthologs
Sl3-MMP,LOC101251660,orthologs
LOC101251815,LOC101251600,orthologs
LOC101251815,LOC101251600,orthologs
LOC101253289,LOC101251524,orthologs
LOC101253289,LOC101251524,orthologs
LOC101253289,LOC101251524,orthologs
EXP2,LOC101251524,orthologs
EXP2,LOC101251524,orthologs
EXP2,LOC101251524,orthologs
Sl3-MMP,LOC101251258,orthologs
Sl3-MMP,LOC101251258,orthologs
LOC101267502,LOC101251218,orthologs
LOC101265881,LOC101251218,orthologs
LOC101265819,LOC101251218,orthologs
LOC101264183,LOC101251218,orthologs
LOC101262133,LOC101251218,orthologs
LOC101262050,LOC101251218,orthologs
LOC101260714,LOC101251218,orthologs
LOC101256677,LOC101251218,orthologs
LOC101256677,LOC101251218,orthologs
LOC101256039,LOC101251218,orthologs
LOC101252775,LOC101251218,orthologs
LOC101250243,LOC101251218,orthologs
LOC101250057,LOC101251218,orthologs
LOC101248858,LOC101251218,orthologs
LOC101248858,LOC101251218,orthologs
LOC101248858,LOC101251218,orthologs
LOC101248858,LOC101251218,orthologs
LOC101248854,LOC101251218,orthologs
LOC101247318,LOC101251218,orthologs
Hsp90-1,LOC101251218,orthologs
HSC80,LOC101251218,orthologs
HSC80,LOC101251218,orthologs
GPA1,LOC101251218,orthologs
CysEP,LOC101250763,orthologs
LOC101252581,LOC101250442,orthologs
LOC112940472,LOC101250442,orthologs
LOC104647190,LOC101250442,orthologs
LOC104647190,LOC101250442,orthologs
LOC104647190,LOC101250442,orthologs
LOC101259149,LOC101250442,orthologs
LOC101244631,LOC101249973,orthologs
LOC101244631,LOC101249973,orthologs
LOC101246033,LOC101249782,orthologs
LOC101244375,LOC101249782,orthologs
LOC101244375,LOC101249782,orthologs
LOC101253289,LOC101249687,orthologs
EXP2,LOC101249687,orthologs
LOC101253289,LOC101249685,orthologs
EXP2,LOC101249685,orthologs
LOC101255407,LOC101249543,orthologs
LOC112940027,LOC101249476,orthologs
LOC101265918,LOC101249476,orthologs
LOC101265918,LOC101249476,orthologs
LOC101256971,LOC101249476,orthologs
LOC101268282,LOC101249298,orthologs
LOC101252428,LOC101249298,orthologs
LOC101245699,LOC101249298,orthologs
LOC101255377,LOC101249281,orthologs
mpka1;1,LOC101249187,orthologs
LOC101264890,LOC101249187,orthologs
LOC101264183,LOC101249187,orthologs
LOC101258128,LOC101249187,orthologs
LOC101256039,LOC101249187,orthologs
LOC101253344,LOC101249187,orthologs
LOC101251815,LOC101249187,orthologs
LOC101247352,LOC101249187,orthologs
LOC101244627,LOC101249187,orthologs
LOC101243937,LOC101249187,orthologs
Hsp90-1,LOC101249187,orthologs
HSC80,LOC101249187,orthologs
LOC101262618,LOC101249038,orthologs
LOC101262618,LOC101249038,orthologs
LOC101262618,LOC101249038,orthologs
LOC101262425,LOC101249038,orthologs
LOC101255648,LOC101249038,orthologs
LOC101251481,LOC101249038,orthologs
LOC101248973,LOC101249038,orthologs
LOC101266973,LOC101249023,orthologs
LOC101266973,LOC101249023,orthologs
LOC101265614,LOC101248989,orthologs
Sl3-MMP,LOC101248930,orthologs
Sl3-MMP,LOC101248930,orthologs
LOC101259149,LOC101248888,orthologs
LOC101257887,LOC101248888,orthologs
LOC101253311,LOC101248888,orthologs
LOC101251829,LOC101248888,orthologs
LOC101250647,LOC101248888,orthologs
LOC101244631,LOC101248888,orthologs
LOC101264105,LOC101248857,orthologs
LOC101243640,LOC101248857,orthologs
LOC104649377,LOC101248854,orthologs
LOC104649377,LOC101248854,orthologs
LOC101261631,LOC101248854,orthologs
LOC101255239,LOC101248854,orthologs
LOC101248013,LOC101248854,orthologs
LOC104645933,LOC101248733,orthologs
XTH16,LOC101248382,orthologs
SlArf/Xyl2,LOC101248382,orthologs
LOC101251532,LOC101248382,orthologs
LOC101259566,LOC101248349,orthologs
LOC101248078,LOC101248349,orthologs
LOC101244700,LOC101248349,orthologs
LOC101244375,LOC101248167,orthologs
LOC101244375,LOC101248167,orthologs
LOC101265968,LOC101248157,orthologs
GGH1,LOC101248157,orthologs
LOC101267161,LOC101248000,orthologs
LOC101267161,LOC101248000,orthologs
LOC101262977,LOC101248000,orthologs
LOC101262977,LOC101248000,orthologs
LOC101262977,LOC101248000,orthologs
LOC101262977,LOC101248000,orthologs
LOC101262630,LOC101248000,orthologs
LOC101262630,LOC101248000,orthologs
LOC101258317,LOC101248000,orthologs
LOC101258317,LOC101248000,orthologs
Sl3-MMP,LOC101247929,orthologs
Sl3-MMP,LOC101247929,orthologs
LOC101259149,LOC101247904,orthologs
Sl3-MMP,LOC101247820,orthologs
Sl3-MMP,LOC101247820,orthologs
#N/A,LOC101247719,orthologs
LOC101243964,LOC101247719,orthologs
LOC101264105,LOC101247660,orthologs
LTC,LOC101247489,orthologs
LOC101252788,LOC101247408,orthologs
LOC104645788,LOC101247363,orthologs
LOC101268282,LOC101247359,orthologs
LOC101267502,LOC101247359,orthologs
LOC101265881,LOC101247359,orthologs
LOC101265819,LOC101247359,orthologs
LOC101264183,LOC101247359,orthologs
LOC101262133,LOC101247359,orthologs
LOC101262050,LOC101247359,orthologs
LOC101260714,LOC101247359,orthologs
LOC101256677,LOC101247359,orthologs
LOC101256677,LOC101247359,orthologs
LOC101256039,LOC101247359,orthologs
LOC101252775,LOC101247359,orthologs
LOC101252428,LOC101247359,orthologs
LOC101250243,LOC101247359,orthologs
LOC101250057,LOC101247359,orthologs
LOC101248858,LOC101247359,orthologs
LOC101248858,LOC101247359,orthologs
LOC101248858,LOC101247359,orthologs
LOC101248858,LOC101247359,orthologs
LOC101248854,LOC101247359,orthologs
LOC101247318,LOC101247359,orthologs
LOC101245699,LOC101247359,orthologs
Hsp90-1,LOC101247359,orthologs
HSC80,LOC101247359,orthologs
GPA1,LOC101247359,orthologs
GPA1,LOC101247359,orthologs
LOC101260989,LOC101247094,orthologs
LOC101256971,LOC101247094,orthologs
LOC101246033,LOC101247094,orthologs
LOC101267502,LOC101246992,orthologs
LOC101266043,LOC101246992,orthologs
LOC101265881,LOC101246992,orthologs
LOC101265819,LOC101246992,orthologs
LOC101264183,LOC101246992,orthologs
LOC101262133,LOC101246992,orthologs
LOC101262050,LOC101246992,orthologs
LOC101260714,LOC101246992,orthologs
LOC101259566,LOC101246992,orthologs
LOC101256677,LOC101246992,orthologs
LOC101256677,LOC101246992,orthologs
LOC101256039,LOC101246992,orthologs
LOC101252775,LOC101246992,orthologs
LOC101250243,LOC101246992,orthologs
LOC101250057,LOC101246992,orthologs
LOC101248858,LOC101246992,orthologs
LOC101248858,LOC101246992,orthologs
LOC101248858,LOC101246992,orthologs
LOC101248858,LOC101246992,orthologs
LOC101248854,LOC101246992,orthologs
LOC101247318,LOC101246992,orthologs
Hsp90-1,LOC101246992,orthologs
HSC80,LOC101246992,orthologs
GPA1,LOC101246992,orthologs
GPA1,LOC101246992,orthologs
RSI-1,LOC101246863,orthologs
LOC101268246,LOC101246863,orthologs
LOC101265899,LOC101246863,orthologs
LOC101259149,LOC101246863,orthologs
LOC101254426,LOC101246863,orthologs
LOC101252859,LOC101246863,orthologs
LOC109121376,LOC101246571,orthologs
LOC101268695,LOC101246571,orthologs
LOC101266570,LOC101246571,orthologs
LOC101266417,LOC101246571,orthologs
LOC101253788,LOC101246571,orthologs
LOC101245041,LOC101246542,orthologs
LOC101245017,LOC101246542,orthologs
LOC112940027,LOC101246391,orthologs
LOC101266255,LOC101246391,orthologs
LOC101266129,LOC101246391,orthologs
LOC101265968,LOC101246391,orthologs
LOC101265918,LOC101246391,orthologs
LOC101265918,LOC101246391,orthologs
LOC101259643,LOC101246391,orthologs
LOC101258317,LOC101246391,orthologs
LOC101257830,LOC101246391,orthologs
LOC101257269,LOC101246391,orthologs
LOC101249542,LOC101246391,orthologs
LOC101245092,LOC101246391,orthologs
GGH1,LOC101246391,orthologs
AGAL,LOC101246391,orthologs
LOC543987,LOC101246317,orthologs
LOC101267900,LOC101246281,orthologs
LOC101266830,LOC101246281,orthologs
LOC101266584,LOC101246281,orthologs
LOC101258820,LOC101246281,orthologs
LOC101257887,LOC101246281,orthologs
LOC101255596,LOC101246281,orthologs
LOC101253311,LOC101246281,orthologs
LOC101251829,LOC101246281,orthologs
LOC101250647,LOC101246281,orthologs
LOC101244631,LOC101246281,orthologs
PSK3,LOC101246169,orthologs
PSK2,LOC101246169,orthologs
LOC101267161,LOC101246169,orthologs
LOC101259566,LOC101246069,orthologs
LOC101263110,LOC101245975,orthologs
LOC101267502,LOC101245944,orthologs
LOC101267502,LOC101245944,orthologs
LOC101267502,LOC101245944,orthologs
LOC101267502,LOC101245944,orthologs
LOC101267502,LOC101245944,orthologs
LOC101265881,LOC101245944,orthologs
LOC101265881,LOC101245944,orthologs
LOC101265881,LOC101245944,orthologs
LOC101265881,LOC101245944,orthologs
LOC101265881,LOC101245944,orthologs
LOC101265819,LOC101245944,orthologs
LOC101265819,LOC101245944,orthologs
LOC101265819,LOC101245944,orthologs
LOC101265819,LOC101245944,orthologs
LOC101265819,LOC101245944,orthologs
LOC101264183,LOC101245944,orthologs
LOC101264183,LOC101245944,orthologs
LOC101264183,LOC101245944,orthologs
LOC101264183,LOC101245944,orthologs
LOC101264183,LOC101245944,orthologs
LOC101262133,LOC101245944,orthologs
LOC101262133,LOC101245944,orthologs
LOC101262133,LOC101245944,orthologs
LOC101262133,LOC101245944,orthologs
LOC101262133,LOC101245944,orthologs
LOC101262050,LOC101245944,orthologs
LOC101262050,LOC101245944,orthologs
LOC101262050,LOC101245944,orthologs
LOC101262050,LOC101245944,orthologs
LOC101262050,LOC101245944,orthologs
LOC101260714,LOC101245944,orthologs
LOC101260714,LOC101245944,orthologs
LOC101260714,LOC101245944,orthologs
LOC101260714,LOC101245944,orthologs
LOC101260714,LOC101245944,orthologs
LOC101256677,LOC101245944,orthologs
LOC101256677,LOC101245944,orthologs
LOC101256677,LOC101245944,orthologs
LOC101256677,LOC101245944,orthologs
LOC101256677,LOC101245944,orthologs
LOC101256677,LOC101245944,orthologs
LOC101256677,LOC101245944,orthologs
LOC101256677,LOC101245944,orthologs
LOC101256677,LOC101245944,orthologs
LOC101256677,LOC101245944,orthologs
LOC101256039,LOC101245944,orthologs
LOC101256039,LOC101245944,orthologs
LOC101256039,LOC101245944,orthologs
LOC101256039,LOC101245944,orthologs
LOC101256039,LOC101245944,orthologs
LOC101252775,LOC101245944,orthologs
LOC101252775,LOC101245944,orthologs
LOC101252775,LOC101245944,orthologs
LOC101252775,LOC101245944,orthologs
LOC101252775,LOC101245944,orthologs
LOC101250243,LOC101245944,orthologs
LOC101250243,LOC101245944,orthologs
LOC101250243,LOC101245944,orthologs
LOC101250243,LOC101245944,orthologs
LOC101250243,LOC101245944,orthologs
LOC101250057,LOC101245944,orthologs
LOC101250057,LOC101245944,orthologs
LOC101250057,LOC101245944,orthologs
LOC101250057,LOC101245944,orthologs
LOC101250057,LOC101245944,orthologs
LOC101248858,LOC101245944,orthologs
LOC101248858,LOC101245944,orthologs
LOC101248858,LOC101245944,orthologs
LOC101248858,LOC101245944,orthologs
LOC101248858,LOC101245944,orthologs
LOC101248858,LOC101245944,orthologs
LOC101248858,LOC101245944,orthologs
LOC101248858,LOC101245944,orthologs
LOC101248858,LOC101245944,orthologs
LOC101248858,LOC101245944,orthologs
LOC101248858,LOC101245944,orthologs
LOC101248858,LOC101245944,orthologs
LOC101248858,LOC101245944,orthologs
LOC101248858,LOC101245944,orthologs
LOC101248858,LOC101245944,orthologs
LOC101248858,LOC101245944,orthologs
LOC101248858,LOC101245944,orthologs
LOC101248858,LOC101245944,orthologs
LOC101248858,LOC101245944,orthologs
LOC101248858,LOC101245944,orthologs
LOC101248854,LOC101245944,orthologs
LOC101248854,LOC101245944,orthologs
LOC101248854,LOC101245944,orthologs
LOC101248854,LOC101245944,orthologs
LOC101248854,LOC101245944,orthologs
LOC101247318,LOC101245944,orthologs
LOC101247318,LOC101245944,orthologs
LOC101247318,LOC101245944,orthologs
LOC101247318,LOC101245944,orthologs
LOC101247318,LOC101245944,orthologs
Hsp90-1,LOC101245944,orthologs
Hsp90-1,LOC101245944,orthologs
Hsp90-1,LOC101245944,orthologs
Hsp90-1,LOC101245944,orthologs
Hsp90-1,LOC101245944,orthologs
HSC80,LOC101245944,orthologs
HSC80,LOC101245944,orthologs
HSC80,LOC101245944,orthologs
HSC80,LOC101245944,orthologs
HSC80,LOC101245944,orthologs
GPA1,LOC101245944,orthologs
GPA1,LOC101245944,orthologs
GPA1,LOC101245944,orthologs
GPA1,LOC101245944,orthologs
GPA1,LOC101245944,orthologs
GPA1,LOC101245944,orthologs
GPA1,LOC101245944,orthologs
GPA1,LOC101245944,orthologs
GPA1,LOC101245944,orthologs
GPA1,LOC101245944,orthologs
LOC101262728,LOC101245803,orthologs
LOC101258436,LOC101245803,orthologs
LOC101254854,LOC101245803,orthologs
TMP,LOC101245615,orthologs
#N/A,LOC101245471,orthologs
LOC109121376,LOC101245471,orthologs
LOC101266570,LOC101245471,orthologs
LOC101263181,LOC101245471,orthologs
LOC101258317,LOC101245471,orthologs
LOC101257904,LOC101245471,orthologs
LOC101255057,LOC101245471,orthologs
LOC101253788,LOC101245471,orthologs
LOC101250773,LOC101245471,orthologs
LOC101249884,LOC101245471,orthologs
LOC101246033,LOC101245471,orthologs
LOC101243964,LOC101245471,orthologs
LTC,LOC101245405,orthologs
LOC101264872,LOC101245324,orthologs
Sl3-MMP,LOC101245221,orthologs
Sl3-MMP,LOC101245221,orthologs
LOC100134910,LOC101245117,orthologs
LOC101266404,LOC101244987,orthologs
LOC101266404,LOC101244987,orthologs
LOC101255894,LOC101244987,orthologs
LOC101254670,LOC101244979,orthologs
LOC101254670,LOC101244979,orthologs
LOC100134910,LOC101244979,orthologs
GP1,LOC101244973,orthologs
GP1,LOC101244973,orthologs
AROGP3,LOC101244973,orthologs
AROGP3,LOC101244973,orthologs
AROGP2,LOC101244973,orthologs
AROGP2,LOC101244973,orthologs
LOC101255894,LOC101244834,orthologs
GP1,LOC101244686,orthologs
GP1,LOC101244686,orthologs
AROGP3,LOC101244686,orthologs
AROGP3,LOC101244686,orthologs
AROGP2,LOC101244686,orthologs
AROGP2,LOC101244686,orthologs
Sl3-MMP,LOC101244667,orthologs
Sl3-MMP,LOC101244667,orthologs
LOC104649377,LOC101244640,orthologs
LOC104649377,LOC101244640,orthologs
LOC101261631,LOC101244640,orthologs
LOC101255239,LOC101244640,orthologs
LOC101248013,LOC101244640,orthologs
LOC101247519,LOC101244640,orthologs
SlArf/Xyl2,LOC101244616,orthologs
LOC101265794,LOC101244539,orthologs
LOC101253289,LOC101244440,orthologs
LOC101253289,LOC101244440,orthologs
EXP2,LOC101244440,orthologs
EXP2,LOC101244440,orthologs
LOC101260647,LOC101244370,orthologs
LOC101254426,LOC101244370,orthologs
LOC101252859,LOC101244370,orthologs
LOC101265606,LOC101244325,orthologs
LOC101264289,LOC101244325,orthologs
LOC101264289,LOC101244325,orthologs
LOC101253729,LOC101244325,orthologs
LOC101253431,LOC101244325,orthologs
LOC101253136,LOC101244325,orthologs
LOC101249763,LOC101244325,orthologs
LOC101259149,LOC101244277,orthologs
LOC101254426,LOC101244277,orthologs
LOC101252859,LOC101244277,orthologs
LOC101260989,LOC101244266,orthologs
LOC101260989,LOC101244266,orthologs
GP1,LOC101244232,orthologs
AROGP3,LOC101244232,orthologs
AROGP2,LOC101244232,orthologs
LOC101257273,LOC101244034,orthologs
LOC101256390,LOC101244034,orthologs
LOC101255802,LOC101244034,orthologs
LOC101255802,LOC101244034,orthologs
LOC101254968,LOC101244034,orthologs
Sl3-MMP,LOC101243937,orthologs
Sl3-MMP,LOC101243937,orthologs
mpka1;1,LOC101243937,orthologs
mpka1;1,LOC101243937,orthologs
MPK9,LOC101243937,orthologs
MPK3,LOC101243937,orthologs
MAPK5,LOC101243937,orthologs
MAPK4,LOC101243937,orthologs
LOC104649482,LOC101243937,orthologs
LOC104649482,LOC101243937,orthologs
LOC104649482,LOC101243937,orthologs
LOC101266778,LOC101243937,orthologs
LOC101266127,LOC101243937,orthologs
LOC101264890,LOC101243937,orthologs
LOC101264183,LOC101243937,orthologs
LOC101262050,LOC101243937,orthologs
LOC101262003,LOC101243937,orthologs
LOC101259591,LOC101243937,orthologs
LOC101258128,LOC101243937,orthologs
LOC101256039,LOC101243937,orthologs
LOC101248858,LOC101243937,orthologs
LOC101248858,LOC101243937,orthologs
LOC101248858,LOC101243937,orthologs
LOC101248858,LOC101243937,orthologs
Hsp90-1,LOC101243937,orthologs
HSC80,LOC101243937,orthologs
LOC101253289,LOC101243847,orthologs
EXP2,LOC101243847,orthologs
LOC101265606,LOC101243745,orthologs
LOC101264289,LOC101243745,orthologs
LOC101264289,LOC101243745,orthologs
LOC101253729,LOC101243745,orthologs
LOC101253431,LOC101243745,orthologs
LOC101253136,LOC101243745,orthologs
LOC101249763,LOC101243745,orthologs
LOC101265285,LOC101055582,orthologs
LOC104645933,LOC101055499,orthologs
LOC101246033,LOC100736527,orthologs
LOC101253176,LOC100736485,orthologs
LOC101252520,LOC100736485,orthologs
LOC101245017,LOC100736485,orthologs
LOC101245017,LOC100736483,orthologs
LOC101268446,LOC100529106,orthologs
LOC101252788,LOC100529106,orthologs
LOC101248013,LOC100529106,orthologs
LOC101247352,LOC100529106,orthologs
LOC109121376,LOC100529103,orthologs
LOC101266570,LOC100529103,orthologs
LOC101259643,LOC100529103,orthologs
LOC101257269,LOC100529103,orthologs
LOC101253788,LOC100529103,orthologs
LOC101249542,LOC100529103,orthologs
LOC101249146,LOC100529103,orthologs
AGAL,LOC100529103,orthologs
SlCKX7,LOC100527965,orthologs
LOC101266778,LOC100037509,orthologs
LOC101258317,LHA4,orthologs
LOC101266502,LeSUT1,orthologs
LOC101266502,LeSUT1,orthologs
LOC101266209,LeSUT1,orthologs
LOC101266209,LeSUT1,orthologs
LOC101266209,LeSUT1,orthologs
LOC101268446,LeAMT1;1,orthologs
LOC101268446,LeAMT1;1,orthologs
LOC101247352,LeAMT1;1,orthologs
LOC101247352,LeAMT1;1,orthologs
LOC101264105,JERF1,orthologs
LOC101243640,JERF1,orthologs
LTC,ht2,orthologs
LOC109121376,ht2,orthologs
LOC101266570,ht2,orthologs
LOC101253788,ht2,orthologs
LOC101250409,ht2,orthologs
TBG3,ht1,orthologs
TBG1,ht1,orthologs
LOC101258163,ht1,orthologs
LOC109121376,GPA1,orthologs
LOC109121376,GPA1,orthologs
LOC101266570,GPA1,orthologs
LOC101266570,GPA1,orthologs
LOC101260989,GPA1,orthologs
LOC101260989,GPA1,orthologs
LOC101253788,GPA1,orthologs
LOC101253788,GPA1,orthologs
SlArf/Xyl1,GAL83,orthologs
LOC101268139,ER43,orthologs
LOC101266933,ER43,orthologs
LOC101260592,CURL3,orthologs
LOC101254426,COBRA-like,orthologs
LOC101254426,COBRA-like,orthologs
LOC101252859,COBRA-like,orthologs
LOC101252859,COBRA-like,orthologs
LOC101247352,COBRA-like,orthologs
LOC101247352,COBRA-like,orthologs
LOC104645933,CLV2,orthologs
LOC101260647,Cel3,orthologs
LOC101254426,Cel3,orthologs
LOC101252859,Cel3,orthologs
LOC101267190,ca2,orthologs
LOC101253176,Bti9,orthologs
LOC101252520,Bti9,orthologs
LOC101245017,Bti9,orthologs
LOC101246033,aquaporin,orthologs
LOC101268446,Aqp2,orthologs
LOC101268139,Aqp2,orthologs
LOC101263181,Aqp2,orthologs
LOC101254426,Aqp2,orthologs
LOC101252859,Aqp2,orthologs
LOC101250773,Aqp2,orthologs
LOC101249884,Aqp2,orthologs
LOC101247352,Aqp2,orthologs
LOC778315,LOC101257150,literature
